Country Name,Country Code,Series Name,Series Code,2010 [YR2010],2011 [YR2011],2012 [YR2012],2013 [YR2013],2014 [YR2014],2015 [YR2015],2016 [YR2016],2017 [YR2017],2018 [YR2018],2019 [YR2019],2020 [YR2020],2021 [YR2021],2022 [YR2022]
Viet Nam,VNM,Access to electricity (% of population),EG.ELC.ACCS.ZS,97.4,99,97.9,98.5,99.2,99.3,99.2,100,100,99.4,99.8,100,100
Viet Nam,VNM,"Agriculture, forestry, and fishing, value added (% of GDP)",NV.AGR.TOTL.ZS,15.3750906872381,16.2591484896283,16.199507640393,15.2156122465127,14.8803489262722,14.4747261789547,13.8182553730866,12.9298794852362,12.3066684310428,11.7845285540387,12.6554035685556,12.6030995600152,11.9555291961435
Viet Nam,VNM,Agricultural land (% of land area),AG.LND.AGRI.ZS,34.3450560815081,34.3732843043373,34.4331120376958,34.6726704451298,34.6991265943562,38.7634300520449,38.8407942894887,38.8279627189274,38.7344502263671,39.5241027473527,39.4347683207361,39.4347683207361,..
Viet Nam,VNM,Arable land (% of land area),AG.LND.ARBL.ZS,20.5474729806508,20.5487672527164,20.4216208283752,20.5196472555451,20.4533923049676,22.3458196519913,22.3302179094857,22.2981273312636,22.1807809743195,21.6444553630966,21.6540269088055,21.6540269088055,..
Viet Nam,VNM,Armed forces personnel (% of total labor force),MS.MIL.TOTL.TF.ZS,1.03551443553741,1.01886508735031,1.00616224258221,0.982853887980753,0.970951385226766,0.957729858789704,0.954679411429535,0.949106871342836,0.944862768457324,0.934180270950218,0.95339096234681,..,..
Viet Nam,VNM,"Armed forces personnel, total",MS.MIL.TOTL.P1,522000,522000,522000,522000,522000,522000,522000,522000,522000,522000,522000,..,..
Viet Nam,VNM,"Birth rate, crude (per 1,000 people)",SP.DYN.CBRT.IN,16.906,16.929,17.078,17.152,16.981,16.787,16.438,16.1,15.873,15.663,15.4,15.008,14.689
Viet Nam,VNM,"Government expenditure on education, total (% of GDP)",SE.XPD.TOTL.GD.ZS,4.04593992233276,3.7802300453186,4.40817022323608,4.52833986282349,3.54012322425842,3.41660451889038,3.469074010849,3.41865682601929,3.14502310752869,3.08499836921692,3.21652889251709,2.94517493247986,2.88738679885864
Viet Nam,VNM,"International tourism, expenditures (current US$)",ST.INT.XPND.CD,1470000000,1710000000,1856000000,2050000000,2650000000,3595000000,4500000000,5040000000,5910000000,6460000000,4360000000,..,..
Viet Nam,VNM,"Mortality rate, infant (per 1,000 live births)",SP.DYN.IMRT.IN,18.4,18.2,18,17.8,17.7,17.5,17.3,17.2,17,16.8,16.7,16.5,16.2
Viet Nam,VNM,"Population, total",SP.POP.TOTL,87411012,88349117,89301326,90267739,91235504,92191398,93126529,94033048,94914330,95776716,96648685,97468029,98186856
Viet Nam,VNM,Current health expenditure (% of GDP),SH.XPD.CHEX.GD.ZS,5.07146072,4.97468519,5.00178242,4.41233158,4.69078779,4.71140909,4.86994743,4.99014759,5.02678823,4.97407484,4.30061865,4.59346437,..
Viet Nam,VNM,GDP (current US$),NY.GDP.MKTP.CD,147201173196.979,172595049183.925,195590661129.249,213708811665.34,233451469642.519,239258328381.741,257096001177.982,281353605986.903,310106478394.659,334365270496.667,346615738537.796,366474752771.009,410324028883.325
Viet Nam,VNM,Adjusted net national income (current US$),NY.ADJ.NNTY.CD,115332338086.026,135101994515.16,154477720233.241,171082680414.096,188100250560.32,193012873974.015,207119930081.264,226109651614.286,251443799424.426,270987124646.919,284265645145.513,296054908425.414,..
Viet Nam,VNM,GDP per capita growth (annual %),NY.GDP.PCAP.KD.ZG,5.29329287922351,5.28325691582951,4.37956278606582,4.42344722195396,5.29338738412332,5.87784930468686,5.61868010324022,5.90924097336334,6.46719149769011,6.39258594504489,1.9373565936546,1.69163268841115,7.33194108707495
United States,USA,Access to electricity (% of population),EG.ELC.ACCS.ZS,100,100,100,100,100,100,100,100,100,100,100,100,100
United States,USA,"Agriculture, forestry, and fishing, value added (% of GDP)",NV.AGR.TOTL.ZS,1.02943688973818,1.20055880447177,1.14932980065793,1.31815003575389,1.16824049198161,1.02890409132672,0.937140437714336,0.940362226343714,0.898498260790929,0.833339957749021,0.937167526069329,0.948221772701748,..
United States,USA,Agricultural land (% of land area),AG.LND.AGRI.ZS,44.4925126429091,44.2787583821449,44.0649990707762,44.1246821508141,44.1843601802475,44.2440272776368,44.3037053070702,44.363367353855,44.363367353855,44.363367353855,44.363367353855,44.363367353855,..
United States,USA,Arable land (% of land area),AG.LND.ARBL.ZS,17.2416375327688,17.0935629937184,16.9454884546681,17.0051664841015,17.064844513535,17.1245116109242,17.1841896403576,17.2438567377468,17.2438567377468,17.2438567377468,17.2438567377468,17.2438567377468,..
United States,USA,Armed forces personnel (% of total labor force),MS.MIL.TOTL.TF.ZS,0.997357507854916,0.965489501589434,0.941731306299086,0.902431361598941,0.865769585420757,0.838683230352333,0.830046813125936,0.828802429826734,0.834689345600044,0.830637794997527,0.842140299752928,..,..
United States,USA,"Armed forces personnel, total",MS.MIL.TOTL.P1,1569417,1520100,1492200,1433150,1381250,1347300,1348400,1359000,1379800,1388000,1395000,..,..
United States,USA,"Birth rate, crude (per 1,000 people)",SP.DYN.CBRT.IN,13,12.7,12.6,12.4,12.5,12.4,12.2,11.8,11.6,11.4,10.9,11,11
United States,USA,"Government expenditure on education, total (% of GDP)",SE.XPD.TOTL.GD.ZS,6.6945538520813,6.49768352508545,6.25388622283936,6.22925806045532,6.12920570373535,4.93063020706177,4.78327989578247,5.09296989440918,4.89502000808716,4.95746994018555,5.39998006820679,5.42829990386963,..
United States,USA,"International tourism, expenditures (current US$)",ST.INT.XPND.CD,123831000000,130606000000,138167000000,132322000000,140228000000,144669000000,147640000000,158287000000,176818000000,186079000000,48837000000,..,..
United States,USA,"Mortality rate, infant (per 1,000 live births)",SP.DYN.IMRT.IN,6.2,6.1,6,5.9,5.9,5.8,5.7,5.6,5.6,5.5,5.5,5.4,5.4
United States,USA,"Population, total",SP.POP.TOTL,309327143,311583481,313877662,316059947,318386329,320738994,323071755,325122128,326838199,328329953,331526933,332048977,333271411
United States,USA,Current health expenditure (% of GDP),SH.XPD.CHEX.GD.ZS,16.19719124,16.13996315,16.11969566,15.99170876,16.19919777,16.49056816,16.80215836,16.76750183,16.62964439,16.66580582,18.75621986,17.3625679,16.57115173
United States,USA,GDP (current US$),NY.GDP.MKTP.CD,15048971000000,15599732000000,16253970000000,16880683000000,17608138000000,18295019000000,18804913000000,19612102000000,20656516000000,21521395000000,21322950000000,23594031000000,25744108000000
United States,USA,Adjusted net national income (current US$),NY.ADJ.NNTY.CD,12722091661665.9,13296413540065.9,14049366650049.1,14448714729140.7,15165776173714.4,15741217552602.7,16012842178567.7,16734705033537.7,17602894205765.3,18261844597577.2,17860069690350.5,19593000990250.4,..
United States,USA,GDP per capita growth (annual %),NY.GDP.PCAP.KD.ZG,1.8467404584986,0.82892617390047,1.54146623449971,1.41274167855772,1.77469980748791,2.19043056582386,1.08425738313417,1.81147636540288,2.42587721947302,2.00148267922953,-3.15644425196703,5.63386812824078,1.56159818901087
United Arab Emirates,ARE,Access to electricity (% of population),EG.ELC.ACCS.ZS,100,100,100,100,100,100,100,100,100,100,100,100,100
United Arab Emirates,ARE,"Agriculture, forestry, and fishing, value added (% of GDP)",NV.AGR.TOTL.ZS,0.735025772222781,0.65142159370015,0.627943991804764,0.633172496321641,0.628716003480972,0.723671590492829,0.750862915175131,0.761757604094752,0.711464002250805,0.746712202794498,0.963890714422504,0.943418357564354,0.823739507605187
United Arab Emirates,ARE,Agricultural land (% of land area),AG.LND.AGRI.ZS,5.52379611377077,5.47029005913827,5.30413967896367,5.34215713883413,5.3858068149817,5.39003097718952,5.40411151788229,5.40411151788229,5.37524640946212,5.49704308645452,5.48859476203886,5.51339763446916,..
United Arab Emirates,ARE,Arable land (% of land area),AG.LND.ARBL.ZS,0.712475359053788,0.635032385243593,0.522388059701493,0.528020275978598,0.619543790481555,0.620951844550831,0.626584060827936,0.626584060827936,0.595606871303858,0.702618980568854,0.689946493945367,0.708251196845959,..
United Arab Emirates,ARE,Armed forces personnel (% of total labor force),MS.MIL.TOTL.TF.ZS,0.897082634503029,0.881919915446361,0.867489750013268,1.05462594091885,1.03850752950927,1.02341608491689,1.00894372560318,0.995492473286829,0.983613314439631,0.972296794985665,0.970490914356487,..,..
United Arab Emirates,ARE,"Armed forces personnel, total",MS.MIL.TOTL.P1,51000,51000,51000,63000,63000,63000,63000,63000,63000,63000,63000,..,..
United Arab Emirates,ARE,"Birth rate, crude (per 1,000 people)",SP.DYN.CBRT.IN,13.665,13.292,12.911,12.438,11.989,11.478,10.993,10.62,10.049,9.75,10.62,10.307,9.888
United Arab Emirates,ARE,"Government expenditure on education, total (% of GDP)",SE.XPD.TOTL.GD.ZS,..,..,..,..,..,..,..,..,..,3.86020994186401,3.98417997360229,3.89403009414673,..
United Arab Emirates,ARE,"International tourism, expenditures (current US$)",ST.INT.XPND.CD,11818000000,13206000000,15072000000,16188000000,15848000000,16637099609.375,17127259765.625,17644699218.75,18004099609.375,18382000000,15085000000,..,..
United Arab Emirates,ARE,"Mortality rate, infant (per 1,000 live births)",SP.DYN.IMRT.IN,7,6.8,6.7,6.5,6.3,6.1,5.9,5.6,5.3,5,4.8,4.5,4.3
United Arab Emirates,ARE,"Population, total",SP.POP.TOTL,8481771,8575205,8664969,8751847,8835951,8916899,8994263,9068296,9140169,9211657,9287289,9365145,9441129
United Arab Emirates,ARE,Current health expenditure (% of GDP),SH.XPD.CHEX.GD.ZS,3.87873054,3.67006993,3.33596373,3.50222182,3.53405499,3.46609354,3.89580107,4.00854969,4.09854221,4.38618946,5.82477045,5.30695152,..
United Arab Emirates,ARE,GDP (current US$),NY.GDP.MKTP.CD,300189052688.904,360832739550.715,384610125391.423,400218529748.128,414105366752.893,370275469571.137,369255326235.534,390516804029.952,427049432157.931,417989721742.682,349473015330.157,415178792756.978,507063968277.74
United Arab Emirates,ARE,Adjusted net national income (current US$),NY.ADJ.NNTY.CD,258409473619.958,308582887139.294,339771206931.824,355398110441.848,370853216815.38,339166891399.72,340753429999.101,359564629358.578,386479973263.637,379679863257.963,318727473453.759,..,..
United Arab Emirates,ARE,GDP per capita growth (annual %),NY.GDP.PCAP.KD.ZG,-4.25638586460721,5.05880871149738,0.769638847038152,4.01269214543069,3.17420248692079,5.81735787132587,4.65350539500164,-0.0873260713745054,0.517239888701809,0.323686526806853,-5.73104452161624,3.48721466285863,6.98241746623059
South Africa,ZAF,Access to electricity (% of population),EG.ELC.ACCS.ZS,82.8,83.6,85.2,85.2,85.9,85.3,83.9,84.4,84.7,85,90,89.3,86.5
South Africa,ZAF,"Agriculture, forestry, and fishing, value added (% of GDP)",NV.AGR.TOTL.ZS,2.10778749314158,2.04389308620297,1.97670959546361,1.92684924597199,2.12574854869936,2.23397839045912,2.41418607394576,2.49379863849766,2.2607038266992,1.9503211452698,2.58242014471066,2.55729893348806,2.83027513077134
South Africa,ZAF,Agricultural land (% of land area),AG.LND.AGRI.ZS,79.871237913098,79.4450535409574,79.4178502831612,79.4178502831612,79.4178502831612,79.4178502831612,79.4178502831612,79.4178502831612,79.4178502831612,79.4178502831612,79.4178502831612,79.4178502831612,..
South Africa,ZAF,Arable land (% of land area),AG.LND.ARBL.ZS,10.331467574541,9.91929700187126,9.89209374407505,9.89209374407505,9.89209374407505,9.89209374407505,9.89209374407505,9.89209374407505,9.89209374407505,9.89209374407505,9.89209374407505,9.89209374407505,..
South Africa,ZAF,Armed forces personnel (% of total labor force),MS.MIL.TOTL.TF.ZS,0.385939772826124,0.368459029414269,0.291749150791512,0.355877089878408,0.374183427127129,0.355311601354137,0.347416491041371,0.336469056707317,0.377131693251471,0.372784186329134,0.388296346724729,..,..
South Africa,ZAF,"Armed forces personnel, total",MS.MIL.TOTL.P1,77153,77582,62100,77150,82250,82150,81400,80000,89650,90000,89000,..,..
South Africa,ZAF,"Birth rate, crude (per 1,000 people)",SP.DYN.CBRT.IN,22.274,22.282,22.353,22.177,22.057,21.3,20.25,20.643,21.137,21.276,20.326,19.821,19.31
South Africa,ZAF,"Government expenditure on education, total (% of GDP)",SE.XPD.TOTL.GD.ZS,5.13497018814087,5.28898000717163,5.52323007583618,5.35071992874146,5.48977994918823,5.48285007476807,5.4442400932312,5.59867000579834,5.64401006698608,5.91158008575439,6.17067003250122,6.54902982711792,6.16726016998291
South Africa,ZAF,"International tourism, expenditures (current US$)",ST.INT.XPND.CD,8139000000,8397000000,7145000000,6491000000,6314000000,5734000000,5354000000,6068000000,6348000000,5866000000,1594000000,..,..
South Africa,ZAF,"Mortality rate, infant (per 1,000 live births)",SP.DYN.IMRT.IN,35.7,33.4,32,31.1,30.4,29.8,29.4,28.9,28.5,28.2,28.1,27.8,27.7
South Africa,ZAF,"Population, total",SP.POP.TOTL,51784921,52443325,53145033,53873616,54729551,55876504,56422274,56641209,57339635,58087055,58801927,59392255,59893885
South Africa,ZAF,Current health expenditure (% of GDP),SH.XPD.CHEX.GD.ZS,7.79358244,7.94434404,8.00428867,8.10322285,7.87136555,8.05304241,8.07959366,7.97711229,8.08820343,8.24418926,8.57258797,8.27309132,..
South Africa,ZAF,GDP (current US$),NY.GDP.MKTP.CD,417363822801.713,458199494830.834,434400545085.811,400886013595.573,381198869776.106,346709790458.563,323585509674.481,381448814653.456,405260723892.517,389330032224.269,338291396026.698,420117812466.041,405270850098.738
South Africa,ZAF,Adjusted net national income (current US$),NY.ADJ.NNTY.CD,337741371297.597,367431644394.668,350323870343.88,322009996355.505,309055651991.273,286512572884.149,264150916540.265,311853811186.24,329150364059.474,316519190735.271,273913960042.284,339552672450.42,..
South Africa,ZAF,GDP per capita growth (annual %),NY.GDP.PCAP.KD.ZG,1.81773569736623,1.87331822630892,1.04422917046858,1.09946173503064,-0.172220609328434,-0.75792811406113,-0.309171167254917,0.766941613003056,0.319770421594569,-1.03013294267365,-7.10658878307846,3.66236830398525,1.05687467771507
Philippines,PHL,Access to electricity (% of population),EG.ELC.ACCS.ZS,85.5,87.2,87.1,87.5,89.8,89.1,92,93,94.2,95.3,96.4,97.5,94.8
Philippines,PHL,"Agriculture, forestry, and fishing, value added (% of GDP)",NV.AGR.TOTL.ZS,13.7488650524217,14.0957351508044,13.0958070102046,12.4734251047231,12.2716816208658,10.9964991547046,10.2051255326965,10.1829541315339,9.65014035825873,8.82032374716967,10.1853110317615,10.0691640204876,9.55176804414326
Philippines,PHL,Agricultural land (% of land area),AG.LND.AGRI.ZS,40.580876681088,41.1174833148875,41.6876278632995,41.8184257302881,41.9156856826642,42.0129456350404,42.1102055874166,42.224234497099,42.3013717007077,42.3785089043163,42.455646107925,42.5361371029949,..
Philippines,PHL,Arable land (% of land area),AG.LND.ARBL.ZS,17.7750947446088,18.2781634637958,18.7141563537579,18.7476942683704,18.7476942683704,18.7476942683704,18.7476942683704,18.7476942683704,18.7476942683704,18.7476942683704,18.7476942683704,18.7476942683704,..
Philippines,PHL,Armed forces personnel (% of total labor force),MS.MIL.TOTL.TF.ZS,0.434593107148497,0.419085970207064,0.412974176387883,0.405743683061179,0.392367492104345,0.388295811679488,0.378227800044971,0.356022839539971,0.350111205684135,0.343743147314031,0.370116475183254,..,..
Philippines,PHL,"Armed forces personnel, total",MS.MIL.TOTL.P1,165500,165500,165500,165500,165500,165500,165500,153000,153350,155000,157000,..,..
Philippines,PHL,"Birth rate, crude (per 1,000 people)",SP.DYN.CBRT.IN,25.511,24.416,24.457,24.286,23.827,23.252,22.836,22.664,22.445,22.254,22.039,21.813,21.618
Philippines,PHL,"Government expenditure on education, total (% of GDP)",SE.XPD.TOTL.GD.ZS,..,..,..,..,2.66454243659973,2.8305230140686,3.3012809753418,3.9638409614563,3.85502767562866,3.40748643875122,3.85829043388367,3.87249755859375,3.57960081100464
Philippines,PHL,"International tourism, expenditures (current US$)",ST.INT.XPND.CD,5964000000,6055000000,7140000000,8400000000,11130000000,11868000000,11681000000,12442000000,12474000000,12926000000,4872000000,..,..
Philippines,PHL,"Mortality rate, infant (per 1,000 live births)",SP.DYN.IMRT.IN,23.3,23,22.7,22.4,22.2,22.1,22.1,22.1,22.1,22.2,22.2,22.1,21.8
Philippines,PHL,"Population, total",SP.POP.TOTL,94636700,96337913,98032317,99700107,101325201,103031365,104875266,106738501,108568836,110380804,112190977,113880328,115559009
Philippines,PHL,Current health expenditure (% of GDP),SH.XPD.CHEX.GD.ZS,4.13,4.03,4.18,4.27,3.7,3.9,3.95,3.96,3.95,4.17,5.16,5.87,5.1
Philippines,PHL,GDP (current US$),NY.GDP.MKTP.CD,208368893151.144,234216730295.938,261920540972.102,283902828581.65,297483555344.802,306445871246.718,318627003012.52,328480736798.792,346841896583.515,376823402244.928,361751145451.597,394087359848.11,404353369604.631
Philippines,PHL,Adjusted net national income (current US$),NY.ADJ.NNTY.CD,206135924716.328,230737385312.53,262568198012.994,287331942359.665,299541131461.62,311490681521.768,323895918510.462,333702122642.386,350371847985.215,375755437994.094,350838234571.58,361503537885.292,..
Philippines,PHL,GDP per capita growth (annual %),NY.GDP.PCAP.KD.ZG,5.41803030821811,2.02421991760072,5.04933014689183,4.96480133874881,4.64233602675324,4.58721825070494,5.26557127641811,5.06439325253496,4.54870091782639,4.37652555122709,-10.9781941392831,4.14651416904204,6.01819483656472
Nigeria,NGA,Access to electricity (% of population),EG.ELC.ACCS.ZS,48,55.9,53,55.6,54.2,52.5,59.3,54.4,56.5,55.4,55.4,59.5,60.5
Nigeria,NGA,"Agriculture, forestry, and fishing, value added (% of GDP)",NV.AGR.TOTL.ZS,23.8937040912791,22.2347109931956,21.8599586165277,20.7586228322439,19.9902547680805,20.6318934800012,20.9831097083173,20.8465714300542,21.203773720121,21.9062959303516,24.1433058670212,23.357058761851,23.6918718404603
Nigeria,NGA,Agricultural land (% of land area),AG.LND.AGRI.ZS,73.5575392250513,73.7211370598505,73.8858328666952,74.0494307014943,74.2152244803847,74.3733324549557,74.542420149983,74.7049200127365,74.8729097357181,75.0376055425629,75.2033993214533,75.3691931003437,..
Nigeria,NGA,Arable land (% of land area),AG.LND.ARBL.ZS,39.461115320004,39.4951524534185,39.5302875588788,39.5643246922933,39.5994597977536,39.6334969311681,39.6686320366283,39.7026691700429,39.9881419019072,40.4844252665327,40.4844252665327,40.4844252665327,..
Nigeria,NGA,Armed forces personnel (% of total labor force),MS.MIL.TOTL.TF.ZS,0.299149843842858,0.291108866737621,0.284817156879189,0.278720413849576,0.272131483450702,0.328079339557917,0.320234083429369,0.335663430808745,0.339410082750309,0.330990691057504,0.324918175986874,..,..
Nigeria,NGA,"Armed forces personnel, total",MS.MIL.TOTL.P1,162000,162000,162000,162000,162000,200000,200000,215000,223000,223000,223000,..,..
Nigeria,NGA,"Birth rate, crude (per 1,000 people)",SP.DYN.CBRT.IN,42.094,41.798,41.241,40.603,40.069,39.51,39.128,38.689,38.248,37.849,37.467,37.117,36.611
Nigeria,NGA,"Government expenditure on education, total (% of GDP)",SE.XPD.TOTL.GD.ZS,0.496685653924942,0.564658761024475,0.549233078956604,0.534206748008728,0.470742553472519,0.436954915523529,0.393045634031296,0.396354019641876,0.419998496770859,0.358478993177414,0.359637647867203,0.381919115781784,0.348516702651978
Nigeria,NGA,"International tourism, expenditures (current US$)",ST.INT.XPND.CD,8348000000,9533000000,9240000000,9152000000,9204000000,9017000000,4524000000,8194000000,13218000000,16406000000,6613000000,..,..
Nigeria,NGA,"Mortality rate, infant (per 1,000 live births)",SP.DYN.IMRT.IN,84.2,82.9,81.8,80.8,80,79.2,78.2,77,75.7,74,72.3,70.5,68.5
Nigeria,NGA,"Population, total",SP.POP.TOTL,160952853,165463745,170075932,174726123,179379016,183995785,188666931,193495907,198387623,203304492,208327405,213401323,218541212
Nigeria,NGA,Current health expenditure (% of GDP),SH.XPD.CHEX.GD.ZS,3.29653287,3.32077932,3.35984254,3.4206934,3.34840417,3.58194995,3.64773679,3.74762511,3.09069347,2.98547053,3.38063431,4.07625723,..
Nigeria,NGA,GDP (current US$),NY.GDP.MKTP.CD,366990417129.04,414466676831.16,463971018239.281,520117180313.906,574183763411.508,493026682800.63,404649125252.16,375745731053.427,421739251509.08,474517490844.461,432198898467.795,440838992188.478,472624596925.938
Nigeria,NGA,Adjusted net national income (current US$),NY.ADJ.NNTY.CD,293431576478.3,323487212414.446,371531355255.71,423720250266.34,483590240570.028,427297983711.111,354205619259.166,321488689032.274,348408553490.782,375139240375.531,363360574592.209,363312013594.576,..
Nigeria,NGA,GDP per capita growth (annual %),NY.GDP.PCAP.KD.ZG,5.08187485498044,2.43700723662286,1.4035087785572,3.83236618064009,3.55216229892477,0.0769616167241907,-4.05270636180217,-1.70987309225109,-0.590389271247744,-0.26345637824295,-4.1620592907919,1.18282822257881,0.823296497959916
Mexico,MEX,Access to electricity (% of population),EG.ELC.ACCS.ZS,99.2,99,99.1,99.1,99.2,99,99.5,100,99.5,99.6,99.4,100,100
Mexico,MEX,"Agriculture, forestry, and fishing, value added (% of GDP)",NV.AGR.TOTL.ZS,3.09200838849783,2.97569483968178,3.04872937148888,3.02454277578135,3.02713651715738,3.0851863436743,3.2462890783797,3.29751177575275,3.29695945169195,3.3122180551361,3.71191822328195,3.79192627596241,3.90515905212095
Mexico,MEX,Agricultural land (% of land area),AG.LND.AGRI.ZS,52.3712029630392,52.1217109493557,51.7050335656781,51.1772422130199,50.7976028190025,50.7626224954345,50.5866920445485,49.8706242444507,49.6494251395355,49.4385143650814,49.969392216878,49.9632192186013,..
Mexico,MEX,Arable land (% of land area),AG.LND.ARBL.ZS,11.7971141233056,11.6854857378019,11.6011214280203,11.5697420201137,11.3999845675043,11.3418555003987,11.1880449600041,10.4205355076005,10.2368888088685,9.97968054733918,10.3248540343116,10.3315414491113,..
Mexico,MEX,Armed forces personnel (% of total labor force),MS.MIL.TOTL.TF.ZS,0.69527690799178,0.676185152639135,0.655397083179877,0.636333834905303,0.650574254470072,0.637374655973212,0.627334712330959,0.618868733005515,0.628610048349686,0.577275700450583,0.64172650248781,..,..
Mexico,MEX,"Armed forces personnel, total",MS.MIL.TOTL.P1,331750,329750,329750,325450,336050,336050,336050,336000,348000,328000,341000,..,..
Mexico,MEX,"Birth rate, crude (per 1,000 people)",SP.DYN.CBRT.IN,20.152,19.917,19.635,19.326,18.711,17.968,17.42,16.947,16.465,15.71,15.565,14.857,14.636
Mexico,MEX,"Government expenditure on education, total (% of GDP)",SE.XPD.TOTL.GD.ZS,4.93695020675659,4.90405988693237,4.88348007202148,4.50858020782471,5.06808996200562,5.05087995529175,4.75795984268188,4.39752006530762,4.13945007324219,..,4.50059986114502,4.24952983856201,..
Mexico,MEX,"International tourism, expenditures (current US$)",ST.INT.XPND.CD,9001000000,9704000000,10735000000,11970000000,12556000000,12668000000,12823000000,13647000000,14074000000,12300000000,4286000000,..,..
Mexico,MEX,"Mortality rate, infant (per 1,000 live births)",SP.DYN.IMRT.IN,16.4,15.9,15.4,14.9,14.4,14,13.5,13.1,12.7,12.2,11.8,11.4,11
Mexico,MEX,"Population, total",SP.POP.TOTL,112532401,114150481,115755909,117290686,118755887,120149897,121519221,122839258,124013861,125085311,125998302,126705138,127504125
Mexico,MEX,Current health expenditure (% of GDP),SH.XPD.CHEX.GD.ZS,5.73688889,5.51883602,5.66522074,5.80923605,5.55340958,5.72277355,5.55345821,5.45759058,5.38345814,5.44796371,6.22204065,6.07868719,..
Mexico,MEX,GDP (current US$),NY.GDP.MKTP.CD,1105424238731.09,1229013703416.76,1255110424817.79,1327436290282.67,1364507717614.13,1213294467716.88,1112233497452.7,1190721475906,1256300182879.73,1305211135822.61,1120832412468.85,1313069763986.6,1463323889036.56
Mexico,MEX,Adjusted net national income (current US$),NY.ADJ.NNTY.CD,837005140326.317,909917998364.882,923120025713.203,979078425937.207,1029001447035.09,930698815652.538,850738271614.726,909856329249.081,949012341118.881,989328890501.085,828724024427.823,950153268146.986,..
Mexico,MEX,GDP per capita growth (annual %),NY.GDP.PCAP.KD.ZG,3.58800272877093,1.97772849965163,2.11702296200693,-0.467572586540285,1.23907995260342,1.51074466053764,0.625682747204579,0.777009685996944,1.00624881882332,-1.10575827225217,-9.28666749671056,5.14933266062441,3.29761793855816
"Korea, Rep.",KOR,Access to electricity (% of population),EG.ELC.ACCS.ZS,100,100,100,100,100,100,100,100,100,100,100,100,100
"Korea, Rep.",KOR,"Agriculture, forestry, and fishing, value added (% of GDP)",NV.AGR.TOTL.ZS,2.1440163216522,2.20919995518876,2.1861850409628,2.09904711367279,2.05667705037638,2.00390779269061,1.85903488299151,1.8507562953431,1.74640339447114,1.66793097899135,1.76572048133322,1.85566425511796,1.64164716763395
"Korea, Rep.",KOR,Agricultural land (% of land area),AG.LND.AGRI.ZS,18.2407407407407,18.068731350962,18.3742678039256,18.154291462238,17.9441650415683,17.815177792601,17.4460708387613,17.1951594708235,16.9401148482363,16.7725409836066,16.608606557377,16.4241803278689,..
"Korea, Rep.",KOR,Arable land (% of land area),AG.LND.ARBL.ZS,15.5041152263374,15.3102171005247,15.6427910800534,15.3531911399421,15.1493379862465,15.0289907127097,14.5760034465427,14.323659111886,14.0894175553733,13.9754098360656,13.8524590163934,13.7602459016393,..
"Korea, Rep.",KOR,Armed forces personnel (% of total labor force),MS.MIL.TOTL.TF.ZS,2.59443926102974,2.54919235826732,2.51052803922926,2.47611831753111,2.30943745316771,2.28334493298949,2.26090638595862,2.23635578699212,2.13229374661021,2.12781961699039,1.98970813849026,..,..
"Korea, Rep.",KOR,"Armed forces personnel, total",MS.MIL.TOTL.P1,659500,659500,659500,659500,632500,634500,634000,634000,608000,613000,569000,..,..
"Korea, Rep.",KOR,"Birth rate, crude (per 1,000 people)",SP.DYN.CBRT.IN,9.4,9.4,9.6,8.6,8.6,8.6,7.9,7,6.4,5.9,5.3,5.1,4.9
"Korea, Rep.",KOR,"Government expenditure on education, total (% of GDP)",SE.XPD.TOTL.GD.ZS,3.52756690979004,..,..,..,..,4.45423984527588,4.33309984207153,4.32823991775513,4.45807981491089,4.68465995788574,4.8017201423645,4.86627006530762,..
"Korea, Rep.",KOR,"International tourism, expenditures (current US$)",ST.INT.XPND.CD,20788000000,22195000000,22934000000,24459000000,26136000000,27957000000,29817000000,34453000000,38022000000,35339000000,16705000000,..,..
"Korea, Rep.",KOR,"Mortality rate, infant (per 1,000 live births)",SP.DYN.IMRT.IN,3.5,3.4,3.3,3.2,3.1,3,2.9,2.8,2.8,2.7,2.6,2.5,2.4
"Korea, Rep.",KOR,"Population, total",SP.POP.TOTL,49554112,49936638,50199853,50428893,50746659,51014947,51217803,51361911,51585058,51764822,51836239,51769539,51672569
"Korea, Rep.",KOR,Current health expenditure (% of GDP),SH.XPD.CHEX.GD.ZS,5.81980991,5.91454506,6.0325017,6.15069818,6.40432453,6.58926058,6.87049913,7.04742336,7.49119806,8.17479515,8.3497715,9.33145523,9.72047997
"Korea, Rep.",KOR,GDP (current US$),NY.GDP.MKTP.CD,1143672241149.72,1253289537500.81,1278046536287.01,1370632955321.2,1484488526271.8,1466038936206.43,1499679823909.61,1623074183501.9,1725373496825.43,1651422932447.77,1644312831906.17,1818432106880.04,1673916511799.71
"Korea, Rep.",KOR,Adjusted net national income (current US$),NY.ADJ.NNTY.CD,938427610118.629,1027604773984.11,1048427115416.14,1120204286026.97,1210603341380.1,1196351007080.23,1227205660047.13,1329782799420.9,1405043017491.22,1337160677844.25,1319310926924.01,1452592702572.57,..
"Korea, Rep.",KOR,GDP per capita growth (annual %),NY.GDP.PCAP.KD.ZG,6.27401988865388,2.89141199434026,1.86559949596563,2.69615096128955,2.55621950883497,2.26842940068582,2.5391447288435,2.87019696151147,2.46224621613314,1.8889146004307,-0.846212237799236,4.43912129317819,2.80523762871836
Kenya,KEN,Access to electricity (% of population),EG.ELC.ACCS.ZS,19.2,36.2,38.1,40.1,36,41.6,53.1,55.8,61.2,69.7,71.5,76.5,76
Kenya,KEN,"Agriculture, forestry, and fishing, value added (% of GDP)",NV.AGR.TOTL.ZS,17.5677598863696,18.8947112249953,18.8297259329446,18.6165515854622,18.3478393393556,19.4696147780528,20.0345164328349,20.8936374065292,20.314910419968,20.8611638110686,22.7027261604451,21.4770750957252,21.1657169102521
Kenya,KEN,Agricultural land (% of land area),AG.LND.AGRI.ZS,47.984678637945,48.5311171240819,48.550444530344,48.5697719366061,48.5890993428682,48.6101837860632,48.6295111923253,48.6488385985873,48.6681660048494,48.6874934111115,48.6874934111115,48.6874934111115,..
Kenya,KEN,Arable land (% of land area),AG.LND.ARBL.ZS,9.66370313103982,10.1908142109147,10.1908142109147,10.1908142109147,10.1908142109147,10.1908142109147,10.1908142109147,10.1908142109147,10.1908142109147,10.1908142109147,10.1908142109147,10.1908142109147,..
Kenya,KEN,Armed forces personnel (% of total labor force),MS.MIL.TOTL.TF.ZS,0.16779639198574,0.162329648004057,0.157213150021,0.15229534998335,0.147578405719104,0.143077300682995,0.138643820451965,0.134358684685927,0.131256580589263,0.127407877075474,0.103374242972113,..,..
Kenya,KEN,"Armed forces personnel, total",MS.MIL.TOTL.P1,29120,29100,29100,29100,29100,29100,29100,29000,29100,29000,24000,..,..
Kenya,KEN,"Birth rate, crude (per 1,000 people)",SP.DYN.CBRT.IN,35.422,34.24,33.174,32.127,31.298,30.957,30.401,29.755,29.18,28.46,27.998,27.685,27.54
Kenya,KEN,"Government expenditure on education, total (% of GDP)",SE.XPD.TOTL.GD.ZS,4.81548976898193,4.70012998580933,4.93121004104614,4.83721017837524,4.7172999382019,4.9494514465332,4.66556310653687,4.26874256134033,5.32192516326904,5.37359189987183,5.04574871063232,4.89040184020996,4.51101779937744
Kenya,KEN,"International tourism, expenditures (current US$)",ST.INT.XPND.CD,..,..,..,..,..,..,..,..,..,..,..,..,..
Kenya,KEN,"Mortality rate, infant (per 1,000 live births)",SP.DYN.IMRT.IN,36.9,36.4,36.5,36,35.2,34.1,33.6,33.4,32.8,32.2,31.8,31,30.5
Kenya,KEN,"Population, total",SP.POP.TOTL,41517895,42635144,43725806,44792368,45831863,46851488,47894670,48948137,49953304,50951450,51985780,53005614,54027487
Kenya,KEN,Current health expenditure (% of GDP),SH.XPD.CHEX.GD.ZS,5.38849831,5.20212841,5.0180583,4.93100405,4.91267347,4.76439571,4.75429106,3.98597503,4.09903383,4.36874676,4.47622252,4.54763126,..
Kenya,KEN,GDP (current US$),NY.GDP.MKTP.CD,45405615063.7551,46869473150.61,56396704671.5777,61671440407.8387,68285796514.2896,70120446896.8359,74815144163.8931,82036510877.2599,92202979985.2863,100378436207.371,100657505750.545,109703658904.994,113419826113.903
Kenya,KEN,Adjusted net national income (current US$),NY.ADJ.NNTY.CD,33602347934.9694,35405122400.725,42444026300.4405,45843438028.3098,50508231487.6127,52755240541.7926,62816973523.6982,68347108989.9325,77713133606.492,85831083413.107,85842420676.3748,95240841982.8691,..
Kenya,KEN,GDP per capita growth (annual %),NY.GDP.PCAP.KD.ZG,5.05639090011911,2.36641973489743,1.96040098727816,1.32629250659764,2.63818992950348,2.68331742509996,1.94366814420279,1.60314661619574,3.52208443515578,3.05495784951917,-2.25697950274444,5.52043630422037,2.86357121077884
Japan,JPN,Access to electricity (% of population),EG.ELC.ACCS.ZS,100,100,100,100,100,100,100,100,100,100,100,100,100
Japan,JPN,"Agriculture, forestry, and fishing, value added (% of GDP)",NV.AGR.TOTL.ZS,1.10828108130349,1.08027176258707,1.12285396244805,1.06671782970179,0.996605700341743,1.03412007048647,1.12498130848332,1.12844054943922,1.044248235947,1.03894744464527,1.06632318664296,1.01328081764637,1.01759821736288
Japan,JPN,Agricultural land (% of land area),AG.LND.AGRI.ZS,13.5884773662551,13.4951989026063,13.4567901234568,13.4211248285322,13.360768175583,13.2949245541838,13.2043895747599,13.1083676268861,13.0205761316872,12.9355281207133,12.8449931412894,12.7818930041152,..
Japan,JPN,Arable land (% of land area),AG.LND.ARBL.ZS,11.7475994513032,11.6707818930041,11.6488340192044,11.6268861454047,11.5829903978052,11.5363511659808,11.4787379972565,11.4156378600823,11.363511659808,11.3141289437586,11.2592592592593,11.2098765432099,..
Japan,JPN,Armed forces personnel (% of total labor force),MS.MIL.TOTL.TF.ZS,0.393138242759536,0.395188949916107,0.396526749247305,0.395021482524139,0.393792227793434,0.393269633744266,0.391318891357837,0.38824793435736,0.381871834103002,0.378011431326381,0.378818776290531,..,..
Japan,JPN,"Armed forces personnel, total",MS.MIL.TOTL.P1,260382,260086,259800,259800,259800,259800,260890,261000,261150,261000,261000,..,..
Japan,JPN,"Birth rate, crude (per 1,000 people)",SP.DYN.CBRT.IN,8.5,8.3,8.2,8.2,8,8,7.8,7.6,7.4,7,6.8,6.6,6.3
Japan,JPN,"Government expenditure on education, total (% of GDP)",SE.XPD.TOTL.GD.ZS,3.59951996803284,3.60527992248535,3.41945004463196,3.40875005722046,3.41529989242554,3.31221008300781,3.14643001556396,3.13057994842529,3.07782006263733,3.15533995628357,3.30628991127014,3.33563995361328,3.23762130737305
Japan,JPN,"International tourism, expenditures (current US$)",ST.INT.XPND.CD,39306000000,39760000000,40967000000,32244000000,28609000000,23252000000,25968000000,25774000000,28097000000,29146000000,6741000000,..,..
Japan,JPN,"Mortality rate, infant (per 1,000 live births)",SP.DYN.IMRT.IN,2.3,2.3,2.2,2.1,2.1,2,2,1.9,1.9,1.8,1.8,1.8,1.7
Japan,JPN,"Population, total",SP.POP.TOTL,128070000,127833000,127629000,127445000,127276000,127141000,127076000,126972000,126811000,126633000,126261000,125681593,125124989
Japan,JPN,Current health expenditure (% of GDP),SH.XPD.CHEX.GD.ZS,9.06,10.49,10.67,10.67,10.73,10.75,10.66,10.66,10.74,10.97,11,10.82,..
Japan,JPN,GDP (current US$),NY.GDP.MKTP.CD,5759071769013.11,6233147172341.35,6272362996105.03,5212328181166.18,4896994405353.29,4444930651964.18,5003677627544.24,4930837369151.42,5040880939324.86,5117993853016.51,5055587093501.59,5034620784584.98,4256410760723.75
Japan,JPN,Adjusted net national income (current US$),NY.ADJ.NNTY.CD,4476727345129.27,4864600726827.73,4913791059017.2,4127895991388.44,3887388028965.93,3560749861428.92,3999113859748.18,3953215059603.92,4031133513908.75,4088190737217.58,3951137997473.32,3835811076721.88,..
Japan,JPN,GDP per capita growth (annual %),NY.GDP.PCAP.KD.ZG,4.07922304843274,0.209251802819637,1.53678665884595,2.15237106564643,0.429381122520397,1.66846511711745,0.805362824616168,1.75861180161441,0.771168471432347,-0.262170828589063,-3.86470966963243,3.0321308280439,1.40382237505176
Indonesia,IDN,Access to electricity (% of population),EG.ELC.ACCS.ZS,94.2,94.8,96,96.5,97,97.5,97.6,98.1,98.5,98.9,97,99.2,100
Indonesia,IDN,"Agriculture, forestry, and fishing, value added (% of GDP)",NV.AGR.TOTL.ZS,13.929212707137,13.5122870743946,13.3739742350727,13.3566991621949,13.3367549992146,13.4926435578886,13.4787485470271,13.1566308462661,12.8084975586902,12.7126026577522,13.6984142796138,13.2801691376596,12.3998843807634
Indonesia,IDN,Agricultural land (% of land area),AG.LND.AGRI.ZS,29.4963726066154,30.0449689190895,30.0609474524625,30.3432348753861,30.5189987424894,30.7853076320399,31.7972814123319,33.7147054170956,34.0342760845563,34.1407996403765,34.2473231961967,34.1337419293713,..
Indonesia,IDN,Arable land (% of land area),AG.LND.ARBL.ZS,12.4526036753822,12.4685822087553,12.4845607421283,12.5005392755013,12.5165178088744,12.6763031426047,13.4219680333461,14.0078475903573,14.0078475903573,14.0078475903573,14.0078475903573,13.8965543768183,..
Indonesia,IDN,Armed forces personnel (% of total labor force),MS.MIL.TOTL.TF.ZS,0.496656880506496,0.565728465589861,0.552959818580137,0.55016473184479,0.543469463262248,0.535508362448644,0.530470621205913,0.520961185409261,0.506647952418864,0.49632188771008,0.496668496870485,..,..
Indonesia,IDN,"Armed forces personnel, total",MS.MIL.TOTL.P1,582000,676500,676500,676500,676500,675500,675500,676000,675500,676000,676000,..,..
Indonesia,IDN,"Birth rate, crude (per 1,000 people)",SP.DYN.CBRT.IN,20.158,20.345,20.093,19.417,18.954,18.448,18.017,17.519,17.179,16.91,16.649,16.425,16.196
Indonesia,IDN,"Government expenditure on education, total (% of GDP)",SE.XPD.TOTL.GD.ZS,2.81227993965149,3.18944001197815,3.40748000144958,3.35904002189636,3.28800988197327,3.58360004425049,1.21023452281952,1.05324387550354,0.99443644285202,0.964399099349976,1.01593220233917,1.03221750259399,0.863943338394165
Indonesia,IDN,"International tourism, expenditures (current US$)",ST.INT.XPND.CD,8432000000,8653000000,9055000000,10280000000,10263000000,9800000000,9932000000,10945000000,13171000000,14449000000,1980000000,..,..
Indonesia,IDN,"Mortality rate, infant (per 1,000 live births)",SP.DYN.IMRT.IN,27.8,26.8,25.8,24.9,24,23.1,22.3,21.5,20.7,20,19.4,18.7,18.1
Indonesia,IDN,"Population, total",SP.POP.TOTL,244016173,247099697,250222695,253275918,256229761,259091970,261850182,264498852,267066843,269582878,271857970,273753191,275501339
Indonesia,IDN,Current health expenditure (% of GDP),SH.XPD.CHEX.GD.ZS,2.7908783,2.98942471,2.91427088,2.86934805,2.96433568,2.92428517,3.02147198,2.90417194,2.86757827,2.87862897,3.42067289,3.70636249,..
Indonesia,IDN,GDP (current US$),NY.GDP.MKTP.CD,755094157621.936,892969104563.171,917869913332.649,912524136718.018,890814755533.537,860854232686.214,931877364037.698,1015618744159.73,1042271532988.63,1119099871350.2,1059054842698.48,1186509691086.73,1319076267310.16
Indonesia,IDN,Adjusted net national income (current US$),NY.ADJ.NNTY.CD,566234391128.885,659868014153.763,689395586501.512,688615753233.48,671349773485.428,663588563945.298,736332319283.818,785282040778.049,789841225160.877,839487253839.715,806178618150.759,882648696180.561,..
Indonesia,IDN,GDP per capita growth (annual %),NY.GDP.PCAP.KD.ZG,4.90272857873705,4.84490570055715,4.70670292023203,4.28477845676873,3.79614076779593,3.71774546908827,3.92669809073649,4.0176256075747,4.16298429125608,4.03913565656795,-2.88509409342301,2.9849400734317,4.6392086044409
India,IND,Access to electricity (% of population),EG.ELC.ACCS.ZS,76.3,79.5,79.9,83.1,85.1,88,89.6,91.8,95.7,95.9,96.5,99.6,99.2
India,IND,"Agriculture, forestry, and fishing, value added (% of GDP)",NV.AGR.TOTL.ZS,17.0265090136912,17.1919735580094,16.8453770661306,17.1484235433708,16.7919345144977,16.1745081068443,16.3638005616295,16.558331404936,16.0316306864525,16.7555683032799,18.6685376603755,17.3725615260311,16.639431040971
India,IND,Agricultural land (% of land area),AG.LND.AGRI.ZS,60.3974182611942,60.4300431523044,60.4206256579633,60.4394606466455,60.4495508191538,60.4317248477225,60.3990999566123,60.2839387997403,60.2435646561437,60.2198133654425,60.0458628611021,60.0459264291889,..
India,IND,Arable land (% of land area),AG.LND.ARBL.ZS,52.8082631786061,52.7981730060978,52.6525381828945,52.617558918199,52.6246220389548,52.6078050847743,52.5755165327477,52.4336271815794,52.29329810742,52.2566927777909,51.9468812958472,51.9468812958472,..
India,IND,Armed forces personnel (% of total labor force),MS.MIL.TOTL.TF.ZS,0.560248978056011,0.560338897639105,0.573225749347717,0.568548918814711,0.560096659520744,0.562233347707099,0.591334231649056,0.594249382264435,0.58725226392636,0.585269023173488,0.589408503630094,..,..
India,IND,"Armed forces personnel, total",MS.MIL.TOTL.P1,2625586,2647150,2728700,2749700,2749700,2798800,2981050,3031000,3026500,3045000,3068000,..,..
India,IND,"Birth rate, crude (per 1,000 people)",SP.DYN.CBRT.IN,21.438,20.945,20.421,19.935,19.049,18.765,18.514,17.911,17.651,17.049,16.572,16.419,16.267
India,IND,"Government expenditure on education, total (% of GDP)",SE.XPD.TOTL.GD.ZS,3.377690076828,3.79618000984192,4.08479833602905,3.84467005729675,3.89878034591675,4.11499166488647,4.256516456604,4.30639696121216,4.3769326210022,3.89732360839844,4.04014158248901,4.63514137268066,4.12072849273682
India,IND,"International tourism, expenditures (current US$)",ST.INT.XPND.CD,..,..,14107000000,13884000000,17492000000,17686000000,19184000000,21856000000,25790000000,28595000000,15777000000,..,..
India,IND,"Mortality rate, infant (per 1,000 live births)",SP.DYN.IMRT.IN,46.7,44.6,42.5,40.5,38.5,36.5,34.7,32.9,31.3,29.7,28.1,26.8,25.5
India,IND,"Population, total",SP.POP.TOTL,1240613620,1257621191,1274487215,1291132063,1307246509,1322866505,1338636340,1354195680,1369003306,1383112050,1396387127,1407563842,1417173173
India,IND,Current health expenditure (% of GDP),SH.XPD.CHEX.GD.ZS,3.27,3.25,3.33,3.75,3.62,3.6,3.5,2.94,2.86,2.95,3.34,3.28,..
India,IND,GDP (current US$),NY.GDP.MKTP.CD,1675615519484.96,1823051829895.13,1827637590410.95,1856721507621.46,2039126479155.27,2103588360044.39,2294796885663.67,2651474262755.59,2702929641648.14,2835606256558.84,2674851578586.86,3167270623260.52,3353470496885.95
India,IND,Adjusted net national income (current US$),NY.ADJ.NNTY.CD,1449400281957.08,1569510868576.62,1576093532005.61,1602694127290.88,1767101425787.74,1839197893355,1991577687380.81,2326228560999.19,2363288935865.17,2479347909060.48,2297238845810,2697069318282.99,..
India,IND,GDP per capita growth (annual %),NY.GDP.PCAP.KD.ZG,7.01317458100183,3.8180743120835,4.06082238436569,5.01461186438419,6.08618022720231,6.72106763062213,6.98098970132099,5.56833351357884,5.30240867857299,2.81187310225657,-6.6734705465819,8.81860584308893,6.2615994901934
Germany,DEU,Access to electricity (% of population),EG.ELC.ACCS.ZS,100,100,100,100,100,100,100,100,100,100,100,100,100
Germany,DEU,"Agriculture, forestry, and fishing, value added (% of GDP)",NV.AGR.TOTL.ZS,0.803696771174544,0.910022423855418,0.847918814268698,0.942643214114216,0.904547674923055,0.684691591379231,0.69843112985447,0.851748919550925,0.689090611953825,0.790850030655333,0.73895402984373,0.711937967352693,0.920163742871072
Germany,DEU,Agricultural land (% of land area),AG.LND.AGRI.ZS,47.9100324181656,47.9659169153087,47.8108681930338,47.8588626461821,47.9363714531384,47.9590666743106,47.6843370735058,47.7631164667831,47.6415364359723,47.7002776267209,47.4970663155786,47.4856177910072,..
Germany,DEU,Arable land (% of land area),AG.LND.ARBL.ZS,33.9845655105144,34.0687399586872,33.9530613415964,34.0403577161202,34.018343364861,33.9563148540962,33.6701396839936,33.694936600166,33.5766214437003,33.5270042073328,33.3838976501903,33.3667248633332,..
Germany,DEU,Armed forces personnel (% of total labor force),MS.MIL.TOTL.TF.ZS,0.599449311890165,0.469694800226939,0.445481094255437,0.430080903062347,0.42064713240422,0.415605686451552,0.411088840292215,0.410780449077967,0.41288231046938,0.414099698643445,0.420678146965635,..,..
Germany,DEU,"Armed forces personnel, total",MS.MIL.TOTL.P1,251465,196000,186450,181550,178600,177300,179100,180000,181400,184000,183000,..,..
Germany,DEU,"Birth rate, crude (per 1,000 people)",SP.DYN.CBRT.IN,8.3,8.3,8.4,8.5,8.8,9,9.6,9.5,9.5,9.4,9.3,9.6,8.8
Germany,DEU,"Government expenditure on education, total (% of GDP)",SE.XPD.TOTL.GD.ZS,5.09588003158569,4.98425006866455,4.92844009399414,4.93538999557495,4.92102003097534,4.85515022277832,4.83923006057739,4.87182998657227,4.97933006286621,5.11552000045776,5.59038019180298,5.45488977432251,4.54389047622681
Germany,DEU,"International tourism, expenditures (current US$)",ST.INT.XPND.CD,90866000000,99909000000,96196000000,102668000000,101737000000,85334000000,87412000000,97163000000,103502000000,101231000000,..,..,..
Germany,DEU,"Mortality rate, infant (per 1,000 live births)",SP.DYN.IMRT.IN,3.5,3.4,3.4,3.3,3.3,3.3,3.3,3.2,3.2,3.2,3.1,3.1,3
Germany,DEU,"Population, total",SP.POP.TOTL,81776930,80274983,80425823,80645605,80982500,81686611,82348669,82657002,82905782,83092962,83160871,83196078,83797985
Germany,DEU,Current health expenditure (% of GDP),SH.XPD.CHEX.GD.ZS,11.09592915,10.77844906,10.85345554,10.99905777,11.02588272,11.19047737,11.241889,11.33617592,11.48051548,11.71550655,12.69255257,12.93412971,12.65471077
Germany,DEU,GDP (current US$),NY.GDP.MKTP.CD,3399667820000.01,3749314991050.59,3527143188785.16,3733804649549.03,3889093051023.52,3357585719351.56,3469853463945.53,3690849152517.65,3974443355019.6,3889177589254.9,3887727161914.41,4278503934689.85,4082469490797.68
Germany,DEU,Adjusted net national income (current US$),NY.ADJ.NNTY.CD,2852709271295.79,3175984763813.31,2972535919619.34,3140848979812.29,3268168894268.39,2830967288599.07,2936856488479.01,3121156472138.63,3387078911089.78,3300286458675.79,3246857965545.54,3575973916047.79,..
Germany,DEU,GDP per capita growth (annual %),NY.GDP.PCAP.KD.ZG,4.33960677706354,5.86963573749217,0.230160992711959,0.163870562978019,1.7843418861469,0.617105353219898,1.40810207548923,2.29720604740949,0.678212594110718,0.847783197111852,-3.90530358342936,3.12016297281919,1.07495188724516
Ethiopia,ETH,Access to electricity (% of population),EG.ELC.ACCS.ZS,25.5,23,29,30.8,27.2,29,42.9,44.3,44.8,48,51.1,54.2,55
Ethiopia,ETH,"Agriculture, forestry, and fishing, value added (% of GDP)",NV.AGR.TOTL.ZS,41.4468200699758,41.2499638574537,44.3309427521463,41.2395055340925,38.5204496889284,36.0569753905786,34.6988795973718,33.7792806688833,31.2188007841387,33.6333290594336,35.5582693458206,37.5791156879114,37.6422282713295
Ethiopia,ETH,Agricultural land (% of land area),AG.LND.AGRI.ZS,31.6178614528083,32.1867824793268,32.3308357644563,32.5180834179228,32.7060238794806,32.8929601801843,33.0793660251424,33.263928222695,33.5852342867904,33.8392576144297,34.0927517767343,34.1981062223837,..
Ethiopia,ETH,Arable land (% of land area),AG.LND.ARBL.ZS,12.9057016523317,13.4622857841088,13.5975938840536,13.7084734886151,13.8196463945917,13.9303959212488,14.0409202302156,14.1501573670251,14.3430384771727,14.3473490257357,14.3500906874499,14.4554451330993,..
Ethiopia,ETH,Armed forces personnel (% of total labor force),MS.MIL.TOTL.TF.ZS,0.345341724269708,0.333161690683561,0.321291588460491,0.310041001349757,0.299461996992273,0.289377456825093,0.279586717345609,0.270180876699355,0.261435947169933,0.253237104212427,0.247414482797594,..,..
Ethiopia,ETH,"Armed forces personnel, total",MS.MIL.TOTL.P1,138000,138000,138000,138000,138000,138000,138000,138000,138000,138000,138000,..,..
Ethiopia,ETH,"Birth rate, crude (per 1,000 people)",SP.DYN.CBRT.IN,36.528,35.846,34.845,33.938,33.554,33.428,33.315,33.059,32.996,33.123,32.78,32.383,31.835
Ethiopia,ETH,"Government expenditure on education, total (% of GDP)",SE.XPD.TOTL.GD.ZS,4.49659013748169,5.48576021194458,5.56678009033203,4.82446432113647,4.79265069961548,5.15336132049561,5.06151390075684,5.49905061721802,5.22011184692383,4.48086929321289,4.09056520462036,4.06524896621704,3.73649501800537
Ethiopia,ETH,"International tourism, expenditures (current US$)",ST.INT.XPND.CD,..,..,..,..,..,..,461000000,363500000,612700012.207031,661000000,322500000,..,..
Ethiopia,ETH,"Mortality rate, infant (per 1,000 live births)",SP.DYN.IMRT.IN,54.6,52.1,49.7,47.5,45.5,43.6,41.8,40.1,38.6,37.3,36.1,35,33.9
Ethiopia,ETH,"Population, total",SP.POP.TOTL,89237791,91817929,94451280,97084366,99746766,102471895,105293228,108197950,111129438,114120594,117190911,120283026,123379924
Ethiopia,ETH,Current health expenditure (% of GDP),SH.XPD.CHEX.GD.ZS,5.46637249,4.46897745,4.5395956,4.07506514,4.03365517,3.82316828,3.60033751,3.45336914,3.30371761,3.23382378,3.48096275,3.20824432,..
Ethiopia,ETH,GDP (current US$),NY.GDP.MKTP.CD,29933790334.3418,31952763089.33,43310721414.0829,47648276605.0123,55612228233.5179,64589328550.5953,74296745207.8721,81770886825.6048,84269196625.8784,95912607722.3032,107657734392.446,111261882958.426,126772703047.701
Ethiopia,ETH,Adjusted net national income (current US$),NY.ADJ.NNTY.CD,22294529929.5057,23258760582.8223,31998806867.2355,35448578250.636,42605775685.1162,49659215179.8291,58385906770.7086,65359461545.3577,70731968226.093,82027923370.9125,92691294404.0473,96072352511.7058,..
Ethiopia,ETH,GDP per capita growth (annual %),NY.GDP.PCAP.KD.ZG,9.4198734285809,8.0541204807153,5.61865391933833,7.58309892413058,7.31454492337771,7.45669509715687,6.50121149670628,6.62278907050467,3.99844025588089,5.52381056763929,3.28084798420211,2.92580454535896,2.67756191274128
China,CHN,Access to electricity (% of population),EG.ELC.ACCS.ZS,99.7,99.9,99.9,100,100,100,100,100,100,100,100,100,100
China,CHN,"Agriculture, forestry, and fishing, value added (% of GDP)",NV.AGR.TOTL.ZS,9.32517694053669,9.17765379535199,9.11371387030751,8.94289396230057,8.64349139629661,8.38701488219603,8.0572875346436,7.46356501656873,7.04302025319625,7.1436902775818,7.69864253416333,7.24101746939763,7.32176000478118
China,CHN,Agricultural land (% of land area),AG.LND.AGRI.ZS,56.1834730812931,56.1036602181182,56.0235278052443,55.9433953923703,55.8632629794963,55.7831305666223,55.7030040870411,55.6228716656317,55.5427392442223,55.462649429444,55.462649429444,55.462649429444,..
China,CHN,Arable land (% of land area),AG.LND.ARBL.ZS,12.7960801051446,12.6413860958174,12.4973437431264,12.39590801698,12.3136452727788,12.2356431912321,12.0845010177659,11.9333575516526,11.7822140748875,11.6275626557139,11.6062593401724,11.5956076824016,..
China,CHN,Armed forces personnel (% of total labor force),MS.MIL.TOTL.TF.ZS,0.380462381086386,0.378377381085818,0.38424110924454,0.384189561106235,0.383687243900302,0.36415589846275,0.345280724580428,0.346100878296539,0.347169212002691,0.326961305054325,0.33194326754079,..,..
China,CHN,"Armed forces personnel, total",MS.MIL.TOTL.P1,2945000,2945000,2993000,2993000,2993000,2843000,2695000,2695000,2695000,2535000,2535000,..,..
China,CHN,"Birth rate, crude (per 1,000 people)",SP.DYN.CBRT.IN,11.9,13.27,14.57,13.03,13.83,11.99,13.57,12.64,10.86,10.41,8.52,7.52,6.77
China,CHN,"Government expenditure on education, total (% of GDP)",SE.XPD.TOTL.GD.ZS,3.55966520309448,3.80921697616577,4.29788875579834,4.1298041343689,4.10536003112793,4.24201250076294,4.20638513565063,4.11133146286011,4.02442407608032,4.05939483642578,4.2333812713623,3.98832511901855,4.02356958389282
China,CHN,"International tourism, expenditures (current US$)",ST.INT.XPND.CD,..,..,..,..,..,..,..,..,..,..,..,..,..
China,CHN,"Mortality rate, infant (per 1,000 live births)",SP.DYN.IMRT.IN,12.5,11.5,10.5,9.7,8.9,8.2,7.6,7,6.4,6,5.5,5.1,4.8
China,CHN,"Population, total",SP.POP.TOTL,1337705000,1345035000,1354190000,1363240000,1371860000,1379860000,1387790000,1396215000,1402760000,1407745000,1411100000,1412360000,1412175000
China,CHN,Current health expenditure (% of GDP),SH.XPD.CHEX.GD.ZS,4.23068333,4.34274387,4.56584787,4.71490669,4.77790594,4.93827963,4.97955608,5.06592178,5.16790485,5.3502779,5.59359741,5.38360548,..
China,CHN,GDP (current US$),NY.GDP.MKTP.CD,6087191746679.49,7551545703440.75,8532185381680.59,9570471111831.68,10475624944355.2,11061572618578.7,11233313730348.7,12310491333980.9,13894907857880.6,14279968506271.7,14687744162801,17820459508852.2,17881783387000.9
China,CHN,Adjusted net national income (current US$),NY.ADJ.NNTY.CD,4664923791171.53,5558588753710.79,6459842698814.53,7143084686084.22,7892871215011.02,8296709954530.95,8435661005551.13,9297317126592.73,10284839661479.3,10516015372298.9,10597985631449.7,12732916907122.6,..
China,CHN,GDP per capita growth (annual %),NY.GDP.PCAP.KD.ZG,10.1028326225249,8.95381604174548,7.13452377743971,7.05073413400802,6.75076031581014,6.42073647731185,6.23821544767785,6.30186310056631,6.25170055571749,5.57531686294317,1.99555804192106,8.35171995394172,3.00257602626677
Brazil,BRA,Access to electricity (% of population),EG.ELC.ACCS.ZS,98.6,99.3,99.5,99.6,99.7,99.7,99.7,99.8,99.7,99.8,99.7,99.5,100
Brazil,BRA,"Agriculture, forestry, and fishing, value added (% of GDP)",NV.AGR.TOTL.ZS,4.11575648758173,4.34203412773382,4.1683282240444,4.5068861822272,4.32561053879483,4.31914942942436,4.89135358845478,4.60059169575972,4.42039930378329,4.2050140943502,5.71148511544041,6.55876261159667,5.76747490819457
Brazil,BRA,Agricultural land (% of land area),AG.LND.AGRI.ZS,27.7375349060916,27.8237741889942,27.9100134718969,27.9962527547995,28.0824920377022,28.1687313206048,28.2549706035075,28.3410663137971,28.4156284771492,28.490129502497,28.5646185634603,28.6390944636007,..
Brazil,BRA,Arable land (% of land area),AG.LND.ARBL.ZS,6.15029181133602,6.22471028243126,6.29924839737071,6.37366686846595,6.4482049834054,6.52274309834485,6.59716156944009,6.67158004053533,6.74611815547478,6.82061918082253,6.89510824178585,6.96958414192631,..
Brazil,BRA,Armed forces personnel (% of total labor force),MS.MIL.TOTL.TF.ZS,0.748137405456794,0.75143977685394,0.734122149373176,0.724105399534857,0.732216927520411,0.718902223788773,0.708780840504481,0.697124041505772,0.71806847557561,0.705558018475676,0.748851220951796,..,..
Brazil,BRA,"Armed forces personnel, total",MS.MIL.TOTL.P1,713480,713480,713480,713480,729500,729500,729500,730000,761500,762000,762000,..,..
Brazil,BRA,"Birth rate, crude (per 1,000 people)",SP.DYN.CBRT.IN,15.492,15.309,14.939,14.69,14.753,14.727,14.051,14.159,14.133,13.633,13.078,12.883,12.649
Brazil,BRA,"Government expenditure on education, total (% of GDP)",SE.XPD.TOTL.GD.ZS,5.64879989624023,5.73741006851196,5.85510015487671,5.8388500213623,5.94848012924194,6.24105978012085,6.314040184021,6.32047986984253,6.08851003646851,5.96346998214722,5.77150011062622,5.4969801902771,..
Brazil,BRA,"International tourism, expenditures (current US$)",ST.INT.XPND.CD,18883000000,24608000000,26008000000,29286000000,29998000000,20356000000,17068000000,22991000000,22229000000,21178000000,6490000000,..,..
Brazil,BRA,"Mortality rate, infant (per 1,000 live births)",SP.DYN.IMRT.IN,16.6,16,15.4,14.9,14.5,14.2,15,13.7,13.4,13.2,13,12.8,12.5
Brazil,BRA,"Population, total",SP.POP.TOTL,196353492,198185302,199977707,201721767,203459650,205188205,206859578,208504960,210166592,211782878,213196304,214326223,215313498
Brazil,BRA,Current health expenditure (% of GDP),SH.XPD.CHEX.GD.ZS,7.94516611,7.78819132,7.73637724,7.9766016,8.39644146,8.90929985,9.16901493,9.47124863,9.46475029,9.61449146,10.18235016,9.89072323,..
Brazil,BRA,GDP (current US$),NY.GDP.MKTP.CD,2208837745214.23,2616156223977.47,2465227803011.57,2472819535742.73,2456043727198.85,1802212206904.68,1795693482652.52,2063514977334.32,1916933898038.36,1873288205186.45,1476107231194.11,1670647399034.67,1951923942083.32
Brazil,BRA,Adjusted net national income (current US$),NY.ADJ.NNTY.CD,1719690505515.28,2003637158343.32,1841049768095.16,1876918816925.21,1849302367272.97,1344519763892.24,1334168980643.64,1564390551179.1,1439512572443.35,1414533397119.49,1120080765320.71,1210328882715.66,..
Brazil,BRA,GDP per capita growth (annual %),NY.GDP.PCAP.KD.ZG,6.52281617922927,3.01339627261974,1.00765403282705,2.11425645194304,-0.354514802264433,-4.35831717939337,-4.05742300240568,0.523296588574212,0.978938492697395,0.448280407148658,-3.91800417154039,4.21030025353157,2.54433285377806
Bangladesh,BGD,Access to electricity (% of population),EG.ELC.ACCS.ZS,55.3,59.6,65.5,61.5,62.4,74,75.9,88,86.9,92.2,96.2,99,99.4
Bangladesh,BGD,"Agriculture, forestry, and fishing, value added (% of GDP)",NV.AGR.TOTL.ZS,17.0011812592919,16.8099867573503,16.1775631732753,15.4932779975908,15.3516208986344,14.7829964369364,13.4647923176039,12.9572760433733,12.4800771856196,11.9753231358984,11.9996868602485,11.6328584271282,11.2176010351595
Bangladesh,BGD,Agricultural land (% of land area),AG.LND.AGRI.ZS,70.9917799800261,70.1236844126911,70.0852731044019,71.2760236613659,71.5986786509949,72.4763002227856,73.1136974725359,73.4526388568795,73.9594376584466,75.8392870861182,76.2694937389568,77.3450103710532,..
Bangladesh,BGD,Arable land (% of land area),AG.LND.ARBL.ZS,59.8525005761696,58.9844050088346,58.9229469155719,58.9844050088346,58.9152646539141,59.4010908811554,59.6466927863563,59.5938388261504,59.7088422831682,61.2045786279481,61.4580932626565,62.3031420450181,..
Bangladesh,BGD,Armed forces personnel (% of total labor force),MS.MIL.TOTL.TF.ZS,0.390202374799983,0.383575610070107,0.376646627202328,0.369594251251226,0.362783279229175,0.356314267797321,0.349791076019883,0.329041706378725,0.330262625479797,0.323136897985994,0.319983161273783,..,..
Bangladesh,BGD,"Armed forces personnel, total",MS.MIL.TOTL.P1,220953,220950,220950,220950,220950,220950,220950,221000,227050,227000,227000,..,..
Bangladesh,BGD,"Birth rate, crude (per 1,000 people)",SP.DYN.CBRT.IN,21.379,20.569,20.117,19.9,19.537,19.158,19.002,18.495,18.462,18.35,18.053,17.821,17.48
Bangladesh,BGD,"Government expenditure on education, total (% of GDP)",SE.XPD.TOTL.GD.ZS,..,2.13269996643066,2.04667067527771,1.96616005897522,2.09871673583984,1.87225413322449,2.22119998931885,1.85040032863617,1.65589129924774,1.68138802051544,1.76528060436249,1.83117997646332,1.71183669567108
Bangladesh,BGD,"International tourism, expenditures (current US$)",ST.INT.XPND.CD,835000000,819000000,889000000,1308000000,782000000,827000000,843000000,1127000000,1207000000,1389000000,659000000,..,..
Bangladesh,BGD,"Mortality rate, infant (per 1,000 live births)",SP.DYN.IMRT.IN,38.9,37.2,35.6,34.1,32.7,31.4,30.1,28.9,27.8,26.7,25.7,24.9,24.1
Bangladesh,BGD,"Population, total",SP.POP.TOTL,148391139,150211005,152090649,154030139,155961299,157830000,159784568,161793964,163683958,165516222,167420951,169356251,171186372
Bangladesh,BGD,Current health expenditure (% of GDP),SH.XPD.CHEX.GD.ZS,2.28807664,2.36418128,2.3537879,2.29574466,2.27915168,2.27217698,2.38938212,2.36720181,2.31622243,2.25762248,2.27063942,2.36492991,..
Bangladesh,BGD,GDP (current US$),NY.GDP.MKTP.CD,115275540861.36,128607482927.468,133310747047.528,149998957327.029,172886611131.255,195146607942.291,265224514652.992,293732447017.328,321362751137.574,351231655150.827,373979442653.343,416271647002.435,460131688909.301
Bangladesh,BGD,Adjusted net national income (current US$),NY.ADJ.NNTY.CD,114093205737.914,126960518030.501,132381918586.563,148630473444.019,168853214206.68,190332221808.999,254207227699.906,277679601303.089,305777695036.025,360627233626.55,383459686377.669,430454772495.358,..
Bangladesh,BGD,GDP per capita growth (annual %),NY.GDP.PCAP.KD.ZG,4.37348466383585,5.17452087670409,5.20499111861467,4.67872191823137,4.74777922650441,5.29106080768767,5.80321039708029,5.26645511283064,6.08023776882422,6.68766272688883,2.27110129405703,5.71664908722495,5.95484484128914
,,,,,,,,,,,,,,,,
,,,,,,,,,,,,,,,,
,,,,,,,,,,,,,,,,
Data from database: World Development Indicators,,,,,,,,,,,,,,,,
Last Updated: 11/13/2024,,,,,,,,,,,,,,,,
